,large,medium,small
large,1.0,0.1016845605740678,0.004388149760043454
medium,0.1016845605740678,1.0,0.8665330990394547
small,0.004388149760043454,0.8665330990394547,1.0
