{
  "small": {
    "model_name": "small",
    "total_samples": 100,
    "per_dialect": {
      "standard": {
        "samples": 40,
        "wer": {
          "mean": 0.5906746031746032,
          "std": 0.3308156763452987,
          "p95": 1.0
        },
        "cer": {
          "mean": 0.5768837407768992,
          "std": 0.335116279645794
        },
        "latency": {
          "mean": 0.011843723058700562,
          "p95": 0.005103945732116698
        },
        "rtf": {
          "mean": 0.0121254031956597
        }
      },
      "southern": {
        "samples": 40,
        "wer": {
          "mean": 0.4555059523809524,
          "std": 0.3159671255911999,
          "p95": 1.0
        },
        "cer": {
          "mean": 0.4499093179094008,
          "std": 0.3180882924776405
        },
        "latency": {
          "mean": 0.0030147075653076173,
          "p95": 0.003485894203186035
        },
        "rtf": {
          "mean": 0.002127798290059759
        }
      },
      "british": {
        "samples": 40,
        "wer": {
          "mean": 0.49786706349206344,
          "std": 0.3311900778373996,
          "p95": 1.0
        },
        "cer": {
          "mean": 0.4839380631926858,
          "std": 0.3341384662138272
        },
        "latency": {
          "mean": 0.0030263781547546385,
          "p95": 0.0035001039505004883
        },
        "rtf": {
          "mean": 0.002138084858676015
        }
      },
      "australian": {
        "samples": 40,
        "wer": {
          "mean": 0.5012400793650794,
          "std": 0.27189008596934716,
          "p95": 1.0
        },
        "cer": {
          "mean": 0.4906034643254486,
          "std": 0.27533594774101183
        },
        "latency": {
          "mean": 0.0030127763748168945,
          "p95": 0.0034585833549499513
        },
        "rtf": {
          "mean": 0.0021270454008933655
        }
      },
      "indian": {
        "samples": 40,
        "wer": {
          "mean": 0.5411210317460318,
          "std": 0.32911248068004634,
          "p95": 1.0
        },
        "cer": {
          "mean": 0.5332285851591765,
          "std": 0.3276486448653505
        },
        "latency": {
          "mean": 0.003011202812194824,
          "p95": 0.0034914255142211915
        },
        "rtf": {
          "mean": 0.002125182267066543
        }
      }
    },
    "overall": {
      "wer": {
        "mean": 0.517281746031746,
        "std": 0.3198767526056259,
        "p95": 1.0,
        "min": 0.0,
        "max": 1.0
      },
      "cer": {
        "mean": 0.5069126342727222,
        "std": 0.32184679552011214,
        "p95": 1.0,
        "min": 0.0,
        "max": 1.0
      },
      "latency": {
        "mean": 0.004781757593154907,
        "std": 0.023957332533370047,
        "p95": 0.0035128593444824214,
        "min": 0.0023238658905029297,
        "max": 0.3426835536956787
      },
      "rtf": {
        "mean": 0.004128702802471076,
        "std": 0.027631097838961567,
        "p95": 0.002748541448308134,
        "min": 0.001857998550579112,
        "max": 0.39388914217894105
      }
    }
  },
  "medium": {
    "model_name": "medium",
    "total_samples": 100,
    "per_dialect": {
      "standard": {
        "samples": 40,
        "wer": {
          "mean": 0.548859126984127,
          "std": 0.34579544943059515,
          "p95": 1.0
        },
        "cer": {
          "mean": 0.5380812804397113,
          "std": 0.35484190303359825
        },
        "latency": {
          "mean": 0.004797780513763427,
          "p95": 0.005403280258178708
        },
        "rtf": {
          "mean": 0.0034262842055308982
        }
      },
      "southern": {
        "samples": 40,
        "wer": {
          "mean": 0.5030257936507937,
          "std": 0.32291963446201616,
          "p95": 1.0
        },
        "cer": {
          "mean": 0.4942153364481836,
          "std": 0.3195178249077122
        },
        "latency": {
          "mean": 0.004397451877593994,
          "p95": 0.005254125595092774
        },
        "rtf": {
          "mean": 0.0030895485607889154
        }
      },
      "british": {
        "samples": 40,
        "wer": {
          "mean": 0.5236607142857143,
          "std": 0.2864471928019907,
          "p95": 1.0
        },
        "cer": {
          "mean": 0.5102513692607411,
          "std": 0.2916551826607166
        },
        "latency": {
          "mean": 0.0044082820415496824,
          "p95": 0.005246460437774658
        },
        "rtf": {
          "mean": 0.003097508872165317
        }
      },
      "australian": {
        "samples": 40,
        "wer": {
          "mean": 0.4513392857142858,
          "std": 0.30019158931570167,
          "p95": 1.0
        },
        "cer": {
          "mean": 0.44755709618286393,
          "std": 0.308907056637895
        },
        "latency": {
          "mean": 0.004409325122833252,
          "p95": 0.005271589756011962
        },
        "rtf": {
          "mean": 0.003098290802118893
        }
      },
      "indian": {
        "samples": 40,
        "wer": {
          "mean": 0.43655753968253974,
          "std": 0.31471359095760043,
          "p95": 1.0
        },
        "cer": {
          "mean": 0.4317354967188086,
          "std": 0.3141216874727513
        },
        "latency": {
          "mean": 0.0044206976890563965,
          "p95": 0.0052912235260009766
        },
        "rtf": {
          "mean": 0.003104944370950527
        }
      }
    },
    "overall": {
      "wer": {
        "mean": 0.492688492063492,
        "std": 0.31753580312249,
        "p95": 1.0,
        "min": 0.0,
        "max": 1.0
      },
      "cer": {
        "mean": 0.48436811581006173,
        "std": 0.3209175672078274,
        "p95": 1.0,
        "min": 0.0,
        "max": 1.0
      },
      "latency": {
        "mean": 0.004486707448959351,
        "std": 0.000949542633713858,
        "p95": 0.005287575721740723,
        "min": 0.0031731128692626953,
        "max": 0.015667200088500977
      },
      "rtf": {
        "mean": 0.00316331536231091,
        "std": 0.0007359721324873907,
        "p95": 0.0036846495222771303,
        "min": 0.0028064174036825855,
        "max": 0.012145116347675176
      }
    }
  },
  "large": {
    "model_name": "large",
    "total_samples": 100,
    "per_dialect": {
      "standard": {
        "samples": 40,
        "wer": {
          "mean": 0.45828373015873014,
          "std": 0.3099526077889592,
          "p95": 1.0
        },
        "cer": {
          "mean": 0.4456995217353136,
          "std": 0.3144385690191085
        },
        "latency": {
          "mean": 0.014526307582855225,
          "p95": 0.018134427070617676
        },
        "rtf": {
          "mean": 0.010136941635532217
        }
      },
      "southern": {
        "samples": 40,
        "wer": {
          "mean": 0.6095734126984127,
          "std": 0.3447018754410413,
          "p95": 1.0
        },
        "cer": {
          "mean": 0.6048136592476693,
          "std": 0.33985702169770377
        },
        "latency": {
          "mean": 0.01450282335281372,
          "p95": 0.01811305284500122
        },
        "rtf": {
          "mean": 0.010116123457041323
        }
      },
      "british": {
        "samples": 40,
        "wer": {
          "mean": 0.45505952380952375,
          "std": 0.28122455863207074,
          "p95": 0.8345238095238094
        },
        "cer": {
          "mean": 0.45463301221008373,
          "std": 0.290597264368626
        },
        "latency": {
          "mean": 0.014499014616012574,
          "p95": 0.01804358959197998
        },
        "rtf": {
          "mean": 0.010114351123799933
        }
      },
      "australian": {
        "samples": 40,
        "wer": {
          "mean": 0.5372519841269842,
          "std": 0.29976753858290117,
          "p95": 1.0
        },
        "cer": {
          "mean": 0.5356874253865385,
          "std": 0.2975663574773698
        },